<?xml version="1.0" encoding="UTF-8" ?>
<!DOCTYPE mapper     PUBLIC "-//mybatis.org//DTD Mapper 3.0//EN"
"http://mybatis.org/dtd/mybatis-3-mapper.dtd">  

  <mapper namespace="adminusernamespace">
  	
  	<select id="listUser" resultType="member">
  		select * from User_Info where use_yn='Y'
  	</select>
  	
  	<delete id="deleteUser" parameterType="String">
  		update User_Info set use_yn='N' where user_id=#{User_ID}
  	</delete>
  	
  	<select id="findUser" parameterType="String" resultType="member">
  		select user_id,user_name,user_pw,user_image,user_tel,user_email,user_birth,user_gender from user_info where user_id=#{USER_ID}
  	</select>
  	
  	<update id="updateUser" parameterType="member">
  		update User_Info set User_Name=#{USER_NAME}, User_Image=#{USER_IMAGE}, User_PW=#{USER_PW}, User_Gender=#{USER_GENDER}, User_Birth=#{USER_BIRTH}, User_Tel=#{USER_TEL}, User_Email=#{USER_EMAIL} where User_ID=#{USER_ID}
  	</update>
  		
    </mapper>    
	
