<?xml version="1.0" encoding="UTF-8"?>
<!DOCTYPE mapper     PUBLIC "-//mybatis.org//DTD Mapper 3.0//EN"
"http://mybatis.org/dtd/mybatis-3-mapper.dtd">

<mapper namespace="board">

	<select id="listBoard" parameterType="hashmap" resultType="boardDTO">
		select b.* from (
		select rownum r, a.* from (
		select b.q_seq, b.user_id,
		b.subject, b.context, b.hit_cnt, case when trunc(b.logdate,
		'dd')=trunc(sysdate, 'dd')
		then to_char(b.logdate , 'hh24:mi:ss')
		else
		to_char(b.logdate , 'yy.mm.dd')
		end as logdate,
		r.ref, r.step, r.lev,
		r.p_seq, r.re_cnt
		from qna b, qna r where b.q_seq=r.q_seq order by
		b.ref
		desc, b.step) a
		where <![CDATA[rownum <= #{end}]]>)
		b
		where <![CDATA[b.r > #{start}]]>
	</select>

	<select id="subjectBoard" parameterType="hashmap" resultType="boardDTO">
		select b.* from (
		select rownum r, a.* from (
		select b.q_seq, b.user_id,
		b.subject, b.context, b.hit_cnt, case when trunc(b.logdate,
		'dd')=trunc(sysdate, 'dd')
		then to_char(b.logdate , 'hh24:mi:ss')
		else
		to_char(b.logdate , 'yy.mm.dd')
		end as logdate,
		r.ref, r.step, r.lev,
		r.p_seq, r.re_cnt
		from qna b, qna r where b.q_seq=r.q_seq
		and b.subject
		like '%'||#{word}||'%'
		order by b.ref desc, b.step) a
		where <![CDATA[rownum <= #{end}]]>)
		b
		where <![CDATA[b.r > #{start}]]>
	</select>

	<select id="userBoard" parameterType="hashmap" resultType="boardDTO">
		select b.* from (
		select rownum r, a.* from (
		select b.q_seq, b.user_id,
		b.subject, b.context, b.hit_cnt, case when trunc(b.logdate ,
		'dd')=trunc(sysdate, 'dd')
		then to_char(b.logdate , 'hh24:mi:ss')
		else
		to_char(b.logdate , 'yy.mm.dd')
		end as logdate, r.ref, r.step, r.lev,
		r.p_seq, r.re_cnt
		from qna b, qna r where b.q_seq=r.q_seq
		and
		b.#{key}=#{word}
		order by b.ref desc, b.step) a
		where <![CDATA[rownum <= #{end}]]>)
		b
		where <![CDATA[b.r > #{start}]]>
	</select>

	<select id="subCount" parameterType="hashmap" resultType="java.lang.Integer">
		select
		count(q_seq) from qna where subject like '%'||#{word}||'%'
	</select>

	<select id="userCount" parameterType="hashmap" resultType="java.lang.Integer">
		select count(q_seq) from qna where #{key}=#{word}
	</select>

	<select id="listCount" parameterType="hashmap" resultType="java.lang.Integer">
		select count(q_seq) from qna
	</select>

	<select id="newCount" resultType="java.lang.Integer">
		select count(q_seq) from qna
		where trunc(logdate, 'dd')=trunc(sysdate, 'dd')
	</select>

	<select id="nextSeq" resultType="java.lang.Integer">
		select q_seq.nextval from dual
	</select>
	<insert id="writeArticle" parameterType="boardDTO">
		insert into qna (q_seq, user_id, subject, context, hit_cnt, logdate, ref, step, lev, p_seq, re_cnt)
		values (#{q_seq}, #{user_id}, #{subject}, #{content}, 0, sysdate,#{q_seq},0,0,0,0)
	</insert>
	<select id="getArticle" parameterType="java.lang.Integer" resultType="boardDTO">
		select b.q_seq, b.user_id, b.subject,
			b.context as content, b.hit_cnt, b.logdate,
			r.ref, r.step, r.lev, r.p_seq, r.re_cnt
		from qna b , qna r
		where b.q_seq=r.q_seq
		and b.q_seq=#{seq}
	</select>
	<update id="updateParent" parameterType="boardDTO">
  		update qna set step=step+1 where ref=#{ref} and <![CDATA[step > #{step}]]>
  	</update>
	<insert id="writeReply" parameterType="boardDTO">
		insert into qna (q_seq, user_id, subject, context, hit_cnt, logdate, ref, step, lev, p_seq ,re_cnt)
	values (#{q_seq}, #{user_id}, #{subject}, #{content}, 0, sysdate, #{ref}, #{step}, #{lev}, #{p_seq}, #{re_cnt})
	</insert>
	<update id="updateReply" parameterType="boardDTO">
  		update qna set re_cnt=re_cnt+1 where q_seq=#{q_seq}
  	</update>
  	<update id="updateHit" parameterType="java.lang.Integer">
  		update qna set hit_cnt=hit_cnt+1
		where q_seq=#{seq}
  	</update>
  	<update id="modifyArticle" parameterType="boardDTO">
  		update qna set subject=#{subject}, context=#{content} where q_seq=#{q_seq}
  	</update>
  	<delete id="deleteArticle" parameterType="java.lang.Integer">
  		delete from qna where q_seq=#{seq}
  	</delete>
</mapper>