<?xml version="1.0" encoding="UTF-8" ?>
<!DOCTYPE mapper     PUBLIC "-//mybatis.org//DTD Mapper 3.0//EN"
"http://mybatis.org/dtd/mybatis-3-mapper.dtd">

<mapper namespace="card_benefit">

	<!-- insert -->
	<!-- 카드 입력 -->
	<insert id="insertCard" parameterType="CardBenefit">
		insert into CARD(Card_Name, Card_Seq, Card_Type, Card_Corp, Card_Image, AnnualFee)
		values(#{Card_Name},CARD_SEQ.NEXTVAL,#{Card_Type},#{Card_Corp},#{Card_Image},#{AnnualFee})

	</insert>

	<!-- 시퀀스 호출 -->
	<select id="Card_Seq" resultType="java.lang.Integer">
		select CARD_SEQ.currval from dual
	</select>
	
	<!-- 카드 시퀀스 체크 -->
	<select id="cardSeqForBenefit" resultType="String">
		select last_number from user_sequences where sequence_name=upper('card_seq')
	</select>

	<!-- 헤택 입력 -->
	<insert id="insertBenefit" parameterType="CardBenefit">
		insert into BENEFIT (Card_Seq, Ben_Seq, Usage_Result, Ben1, Ben2, Ben3, Ben4, Ben5, Ben6, Ben7, Ben8, Ben9, Ben10, Ben11, Ben12, Ben13, Ben14, Ben15, Ben16, Ben17, Ben18, Ben19, Ben20)
		values(#{Card_Seq},BENEFIT_SEQ.NEXTVAL,#{Usage_Result},#{Ben1},#{Ben2},#{Ben3},#{Ben4},#{Ben5}
		,#{Ben6},#{Ben7},#{Ben8},#{Ben9},#{Ben10},#{Ben11},#{Ben12},#{Ben13},#{Ben14},
		#{Ben15},#{Ben16},#{Ben17},#{Ben18},#{Ben19},#{Ben20})
	</insert>

	<!-- list -->
	<select id="listCard" resultType="CardBenefit">
		select CARD_NAME, CARD_SEQ, CARD_TYPE, CARD_CORP, CARD_IMAGE, ANNUALFEE from
		card
	</select>


	<select id="listBenefit" resultType="CardBenefit">
		select * from Benefit
	</select>

	<!-- delete -->
	<!-- 카드 삭제 시, 혜택이 존재하면 혜택도 삭제하기 위한 체크 과정 -->
	<select id="Check" parameterType="java.lang.Integer" resultType="java.lang.Integer">
		select count(*) from BENEFIT where CARD_SEQ=#{CARD_SEQ}
	</select>

	<!-- 해당 카드에 대한 혜택 우선 삭제 -->
	<delete id="deleteBenefitAll" parameterType="java.lang.Integer">
		delete from BENEFIT where CARD_SEQ=#{CARD_SEQ}
	</delete>

	<!-- 카드 삭제 -->
	<delete id="deleteCard" parameterType="java.lang.Integer">
		delete from CARD where CARD_SEQ=#{CARD_SEQ}
	</delete>

	<!-- 혜택 삭제 -->
	<delete id="deleteBenefit" parameterType="java.lang.Integer">
		delete from Benefit where Ben_Seq=#{Ben_Seq}
	</delete>

	<!-- find -->
	<select id="findCard" parameterType="java.lang.Integer"
		resultType="CardBenefit">
		select CARD_SEQ, CARD_NAME, CARD_TYPE, CARD_CORP, CARD_IMAGE, ANNUALFEE from
		CARD where CARD_SEQ=#{CARD_SEQ}
	</select>

	<select id="findBenefit" parameterType="java.lang.Integer"
		resultType="CardBenefit">
		select * from Benefit where Ben_Seq=#{Ben_Seq}
	</select>

	<!-- update -->
	<update id="updateCard" parameterType="CardBenefit">
		update CARD set CARD_NAME=#{Card_Name}, CARD_TYPE=#{Card_Type},
		CARD_CORP=#{Card_Corp}, ANNUALFEE=#{AnnualFee},
		CARD_IMAGE=#{Card_Image} where CARD_SEQ=#{Card_Seq}
	</update>

	<update id="updateBenefit" parameterType="CardBenefit">
		update Benefit set Usage_Result=
		#{Usage_Result}, Ben1=#{Ben1}, Ben2=#{Ben2}, Ben3=#{Ben3},
		Ben4=#{Ben4}, Ben5=#{Ben5}, Ben6=#{Ben6}, Ben7=#{Ben7},
		Ben8=#{Ben8}, Ben9=#{Ben9}, Ben10=#{Ben10}, Ben11=#{Ben11},
		Ben12=#{Ben12}, Ben13=#{Ben13}, Ben14=#{Ben14}, Ben15=#{Ben15},
		Ben16=#{Ben16}, Ben17=#{Ben17}, Ben18=#{Ben18}, Ben19=#{Ben19},
		Ben20=#{Ben20} where Ben_Seq=#{Ben_Seq}
	</update>

	<!-- benefit add -->
	<insert id="addBenefit" parameterType="CardBenefit">
		insert into BENEFIT
		values(BENEFIT_SEQ.NEXTVAL,#{Usage_Result},#{Ben1},#{Ben2},#{Ben3},#{Ben4},#{Ben5}
		,#{Ben6},#{Ben7},#{Ben8},#{Ben9},#{Ben10},#{Ben11},#{Ben12},#{Ben13},#{Ben14},
		#{Ben15},#{Ben16},#{Ben17},#{Ben18},#{Ben19},#{Ben20})
	</insert>

</mapper>   
	
