<?xml version="1.0" encoding="UTF-8"?>
<!DOCTYPE mapper     PUBLIC "-//mybatis.org//DTD Mapper 3.0//EN"
"http://mybatis.org/dtd/mybatis-3-mapper.dtd">

<mapper namespace="e_board">

	<select id="listBoard" parameterType="hashmap" resultType="e_boardDTO">
		select b.* from (
    	select rownum r, a.* from ( 
		select board_seq, user_id, board_text, btype, 
		case when trunc(board_a_date, 'dd')=trunc(sysdate, 'dd')
		then to_char(board_a_date, 'hh24:mi:ss')
		else 
		to_char(board_a_date, 'yy.mm.dd')
		end as board_a_date,
		board_ref, board_step, board_lev, board_pseq, board_reply
		from board
		where
		btype=#{btype}
		order by 
		board_ref desc, board_step
		) a
    	where <![CDATA[rownum <= #{end}]]>
    	) b
		where <![CDATA[b.r > #{start}]]>
	</select>

	<select id="textBoard" parameterType="hashmap" resultType="e_boardDTO">
		select b.* 
		from (
    	select rownum r, a.* 
    	from ( 
		select board_seq, user_id, board_text, btype, 
		case when trunc(board_a_date, 'dd')=trunc(sysdate, 'dd')
		then to_char(board_a_date, 'hh24:mi:ss')
		else to_char(board_a_date, 'yy.mm.dd')
		end as board_a_date,
		board_ref, board_step, board_lev, board_pseq, board_reply
		from board
		where btype=#{btype}
		and board_text 
		like '%'||#{word}||'%'  
		order by board_ref desc, board_step
		) a
    	where <![CDATA[rownum <= #{end}]]>
    	) b
		where <![CDATA[b.r > #{start}]]>
	</select>

	<select id="userBoard" parameterType="hashmap" resultType="e_boardDTO">
		select b.* 
		from (
    	select rownum r, a.* 
    	from ( 
		select board_seq, user_id, board_text, btype, 
		case when trunc(board_a_date, 'dd')=trunc(sysdate, 'dd')
		then to_char(board_a_date, 'hh24:mi:ss')
		else to_char(board_a_date, 'yy.mm.dd')
		end as board_a_date,
		board_ref, board_step, board_lev, board_pseq, board_reply
		from board
		where btype=#{btype}
		and 
		#{key}=#{word}    
		) a
	    where <![CDATA[rownum <= #{end}]]>
	    ) b
		where <![CDATA[b.r > #{start}]]>
	</select>

	<select id="textCount" parameterType="hashmap" resultType="java.lang.Integer">
		select
		count(board_seq) from board 
		where btype=#{btype}
		and board_text like '%'||#{word}||'%'
	</select>

	<select id="userCount" parameterType="hashmap" resultType="java.lang.Integer">
		select count(board_seq) from board
		where btype=#{btype} 
		and #{key}=#{word}
	</select>

	<select id="listCount" parameterType="hashmap" resultType="java.lang.Integer">
		select count(board_seq) from board
		where btype=#{btype}
	</select>

	<select id="newCount" parameterType="java.lang.Integer" resultType="java.lang.Integer">
		select count(board_seq) from board
		where btype=#{btype}
		and trunc(Board_A_Date, 'dd')=trunc(sysdate, 'dd')
	</select>

	<select id="nextSeq" resultType="java.lang.Integer">
		select board_seq.nextval from dual
	</select>
	
	<insert id="writeArticle" parameterType="e_boardDTO">
		insert into board (board_seq, user_id, board_text, board_a_date, btype,
		board_ref, board_step, board_lev, board_pseq, board_reply)
		values (#{board_Seq}, #{user_ID}, #{board_Text}, sysdate, #{btype}, #{board_Seq}, 0, 0, 0, 0)
	</insert>
	
	<select id="getArticle" parameterType="java.lang.Integer" resultType="e_boardDTO">
		select board_seq, user_id, board_text,
		board_a_date, btype,
		board_ref, board_step, board_lev, board_pseq, board_reply
		from board
		where board_seq=#{board_Seq}
	</select>

	<update id="updateParent" parameterType="e_boardDTO">
  		update board set board_step=board_step+1 where board_ref=#{board_Ref} 
  		and 
  		<![CDATA[board_step > #{board_Step}]]>
  	</update>
  		<insert id="writeReply" parameterType="e_boardDTO">
		insert into board (board_seq, user_id, board_text, board_a_date, btype,
		board_ref, board_step, board_lev, board_pseq, board_reply)
		values (#{board_Seq}, #{user_ID}, #{board_Text}, sysdate, 
		#{btype}, #{board_Ref}, #{board_Step}, #{board_Lev}, #{board_Pseq}, 0)
	</insert>
	<update id="updateReply" parameterType="e_boardDTO">
  		update board set board_reply=board_reply+1
  		where board_seq=#{board_Seq}
  	</update>
  	
  	<update id="updateHit" parameterType="java.lang.Integer">
  		update board set hit_cnt=hit_cnt+1
		where board_seq=#{board_Seq}
  	</update>
  	
  	<update id="modifyArticle" parameterType="e_boardDTO">
  		update board set board_text=#{board_Text} where board_seq=#{board_Seq}
  	</update>
  	<delete id="deleteArticle" parameterType="java.lang.Integer">
  		delete from board where board_seq=#{board_Seq}
  	</delete>
</mapper>