<?xml version="1.0" encoding="UTF-8"?>
<!DOCTYPE mapper     PUBLIC "-//mybatis.org//DTD Mapper 3.0//EN"
"http://mybatis.org/dtd/mybatis-3-mapper.dtd">

<mapper namespace="joinnamespace">
	<insert id="insertMember" parameterType="member">
		insert into user_info(user_id,user_name,user_image,user_pw,user_gender,user_birth,user_tel,user_email,access_count,last_access,use_yn) 
		values(#{USER_ID},#{USER_NAME},#{USER_IMAGE},#{USER_PW},#{USER_GENDER},to_date(#{USER_BIRTH},'YYYY-MM-DD'),#{USER_TEL},#{USER_EMAIL},0,to_date(sysdate,'YYYY-MM-DD'),'Y')
	</insert>
	
	<select id="LoginCheck" parameterType="member" resultType="member">
  		select user_id, user_pw from user_info where user_id=#{USER_ID} and user_pw=#{USER_PW}
  	</select>
  	
  	<update id="LoginSubmit" parameterType="String">
  		update user_info set access_count=access_count+1, last_access=to_date(sysdate,'YYYY-MM-DD') where user_id=#{USER_ID}
  	</update>
  	
  	<select id="getLoginSubmit" parameterType="String" resultType="Survey">
  		select max(col) as col, surveydate from survey where user_id=#{USER_ID} group by surveydate
  	</select>
</mapper>