<?xml version="1.0" encoding="UTF-8" ?>
<!DOCTYPE configuration
PUBLIC "-//mybatis.org//DTD Config 3.0//EN"
"http://mybatis.org/dtd/mybatis-3-config.dtd">

  <configuration>
  	<typeAliases>
  		<typeAlias alias="Notice" type="cameo.entity.Notice"/>
  		<typeAlias alias="CardBenefit" type="cameo.entity.Card_Benefit"/>
  		<typeAlias alias="survey" type="cameo.entity.Survey"/>
  		<typeAlias alias="member" type="cameo.entity.JMember"/>
  		<typeAlias alias="boardDTO" type="cameo.entity.BoardDTO" />
		<typeAlias alias="e_boardDTO" type="cameo.entity.E_BoardDTO" />
  	</typeAliases>
	
	<!-- SQL 쿼리문 -->
	<mappers>     
	  <mapper resource="mybatis/card_benefit-mapping.xml"/>
	  <mapper resource="mybatis/adminuser-mapping.xml"/>   
	  <mapper resource="mybatis/join-mapping.xml"/>
	  <mapper resource="mybatis/notice-mapping.xml"/>
	  <mapper resource="mybatis/survey-mapping.xml"/>
	  <mapper resource="mybatis/suggestion-mapping.xml"/>
	  <mapper resource="mybatis/board-mapping.xml" />
		<mapper resource="mybatis/e_board-mapping.xml" />
		<mapper resource="mybatis/e_boardtype-mapping.xml"/>
	</mappers>
  </configuration> 