<?xml version="1.0" encoding="UTF-8" ?>
<!DOCTYPE mapper     PUBLIC "-//mybatis.org//DTD Mapper 3.0//EN"
"http://mybatis.org/dtd/mybatis-3-mapper.dtd">  

  <mapper namespace="noticenamespace">
  	<!-- Insert -->
  	<insert id="insertBoard" parameterType="String">
  		insert into Notice values(NOTICE_SEQ.nextval,#{Notice_Text},SYSDATE,SYSDATE)
  	</insert>
  	
  	<!-- List All -->
  	<select id="listBoard" resultType="Notice">
  		select * from Notice
  	</select>
  	  	
  	<!-- Delete -->
  	<delete id="deleteBoard" parameterType="java.lang.Integer">
  		delete from Notice where Notice_Seq=#{Notice_Seq}  		
  	</delete>  	
  	
  	<!-- Find -->
  	<select id="findBoard" parameterType="java.lang.Integer" resultType="Notice">
  		select * from Notice where Notice_Seq=#{Notice_Seq}
  	</select>
  	
  	  	
  	<!-- Update -->
  	<update id="updateBoard" parameterType="java.lang.Integer">
  		update Notice set Notice_Text=#{Notice_Text}, Notice_A_Date=SYSDATE where Notice_Seq=#{Notice_Seq}
  	</update>  	
  		
    </mapper> 
    
        
	
