<?xml version="1.0" encoding="UTF-8" ?>
<!DOCTYPE mapper     PUBLIC "-//mybatis.org//DTD Mapper 3.0//EN"
"http://mybatis.org/dtd/mybatis-3-mapper.dtd">  

  <mapper namespace="suggestCard">
	
	<select id="suggestSaving" parameterType="java.util.HashMap" resultType="java.util.HashMap">
  		<![CDATA[
  		select b.ben_seq, b.${prefer1}, b.${prefer2} from card c join benefit b on c.card_seq = b.card_seq 
		where b.${prefer1} != '0^0^' and c.card_type = #{cardType} and b.${prefer1} like '${benType}^%%' 
		and c.annualfee<=(select feelimit from survey where col=#{seq}) 
		and b.usage_result<=(select ((income-saving)*(cardrate/100)*10000) from survey where col=#{seq})]]>
  	</select>
     	
  	<select id="suggestPattern1" parameterType="java.util.HashMap" resultType="java.util.HashMap">
        <![CDATA[
		select b.ben_seq, b.${prefer1} from card c join benefit b on c.card_seq = b.card_seq 
	   	where b.${prefer1} != '0^0^' and c.card_type = #{cardType} 
	   	and b.${prefer1} like '${bentype}^%%' 
	   	and c.annualfee<=(select feelimit from survey where col=#{seq}) 
	   	and b.usage_result<=(select ((income-saving)*(cardrate/100)*10000) 
	   	from survey where col=#{seq})
		]]>
     </select>
     
     <select id="suggestPattern2" parameterType="java.util.HashMap" resultType="java.util.HashMap">
        <![CDATA[
        select b.ben_seq, b.${prefer1}, b.${prefer2} from card c join benefit b on c.card_seq = b.card_seq  
		where b.${prefer1} != '0^0^' and b.${prefer2} != '0^0^' and c.card_type = #{cardType} and b.${prefer1} like '${bentype}^%%' and b.${prefer2} like ${bentype}^%%'  
		and c.annualfee<=(select feelimit from survey where col=#{seq}) 
		and b.usage_result<=(select ((income-saving)*(cardrate/100)*10000) from survey where col=#{seq})
		]]>
     </select>
     
     <select id="suggestPattern3" parameterType="java.util.HashMap" resultType="java.util.HashMap">
        <![CDATA[
        select b.ben_seq, b.${prefer1}, b.${prefer2}, b.${prefer3} from card c join benefit b on c.card_seq = b.card_seq 
		where b.${prefer1} != '0^0^' and b.${prefer2} != '0^0^' and b.${prefer3} != '0^0^' and c.card_type = #{cardType} 
		and b.${prefer1} like '${bentype}^%%' and b.${prefer2} like '${bentype}^%%' and b.${prefer3} like '${bentype}^%%' 
		and c.annualfee<=(select feelimit from survey where col=#{seq})   
		and b.usage_result<=(select ((income-saving)*(cardrate/100)*10000) from survey where col=#{seq})]]>
     </select>
     
     <select id="suggestPattern4" parameterType="java.util.HashMap" resultType="java.util.HashMap">
        <![CDATA[
        select b.ben_seq, b.${prefer1}, b.${prefer2}, b.${prefer3}, b.${prefer4} from card c join benefit b on c.card_seq = b.card_seq 
		where b.${prefer1} != '0^0^' and b.${prefer2} != '0^0^' and b.${prefer3} != '0^0^' and b.${prefer4} != '0^0^' 
		and c.card_type = #{cardType} and b.${prefer1} like '${bentype}^%%' and b.${prefer2} like '${bentype}^%%' 
		and b.${prefer3} like '${bentype}^%%' and b.${prefer4} like '${bentype}^%%' 
		and c.annualfee<=(select feelimit from survey where col=#{seq}) 
		and b.usage_result<=(select ((income-saving)*(cardrate/100)*10000) from survey where col=#{seq})
		]]>
     </select>
  	
  	<select id="getSortBen" parameterType="java.lang.Integer" resultType="java.util.HashMap">
  		select c.card_name, c.card_type, c.card_corp, c.card_image, c.annualfee, 
		b.usage_result,b.ben1, b.ben2, b.ben3, b.ben4, b.ben5, b.ben6, b.ben7, 
		b.ben8, b.ben9, b.ben10, b.ben11, b.ben12, b.ben13, b.ben14, b.ben15, b.ben16, 
		b.ben17, b.ben18, b.ben19, b.ben20 
		from card c join benefit b on c.card_seq = b.card_seq where b.ben_seq = #{seq}
  	</select>
		
 </mapper>    
	
