<?xml version="1.0" encoding="UTF-8"?>
<beans xmlns="http://www.springframework.org/schema/beans"
	xmlns:xsi="http://www.w3.org/2001/XMLSchema-instance"
	xmlns:context="http://www.springframework.org/schema/context"
	xmlns:p="http://www.springframework.org/schema/p"
	xsi:schemaLocation="http://www.springframework.org/schema/beans http://www.springframework.org/schema/beans/spring-beans.xsd
		http://www.springframework.org/schema/context http://www.springframework.org/schema/context/spring-context-4.1.xsd">


<context:component-scan base-package="cameo.biz"  />
<context:component-scan base-package="cameo.dao"  />

<!-- Controller에서 View연결 -->
<bean id="viewResolver"  class="org.springframework.web.servlet.view.UrlBasedViewResolver">
	<property name="viewClass"  value="org.springframework.web.servlet.view.JstlView"/>
	<property name="prefix"  value="/WEB-INF/view/" />
	<property name="suffix"  value=".jsp" />
</bean>

<!-- Connection Pool DataSource -->
<bean id="dataSource"  class="org.springframework.jdbc.datasource.DriverManagerDataSource"
	p:driverClassName="oracle.jdbc.driver.OracleDriver"	
	p:url="jdbc:oracle:thin:@192.168.0.24:1521:xe"
	p:username="cameo"
	p:password="cameo"/>

<!-- myBatis  -->
<bean id="mybatis" class="org.mybatis.spring.SqlSessionFactoryBean">
	<property name="dataSource" ref="dataSource"/>
	<property name="configLocation" value="classpath:mybatis/mybatis-config.xml"/>
	<property name="transactionFactory">
		<bean class="org.mybatis.spring.transaction.SpringManagedTransactionFactory"/>
	</property>
</bean>

</beans>

