<?xml version="1.0" encoding="UTF-8"?>
<beans xmlns="http://www.springframework.org/schema/beans"
	xmlns:context="http://www.springframework.org/schema/context"
	xmlns:xsi="http://www.w3.org/2001/XMLSchema-instance"
	xmlns:p="http://www.springframework.org/schema/p"
	xmlns:mvc="http://www.springframework.org/schema/mvc"
	xsi:schemaLocation="http://www.springframework.org/schema/mvc http://www.springframework.org/schema/mvc/spring-mvc-4.1.xsd
		http://www.springframework.org/schema/beans http://www.springframework.org/schema/beans/spring-beans-4.2.xsd
		http://www.springframework.org/schema/context http://www.springframework.org/schema/context/spring-context-4.2.xsd">

	<context:component-scan base-package="cameo.controller" />
	<mvc:interceptors>
		<mvc:interceptor>
			<mvc:mapping path="/**" />
			<bean id="loggerInterceptor" class="logger.LoggerInterceptor"></bean>
		</mvc:interceptor>
	</mvc:interceptors>

	<bean
		class="org.springframework.web.servlet.mvc.annotation.DefaultAnnotationHandlerMapping" />

	<bean class="org.springframework.web.servlet.view.BeanNameViewResolver"
		p:order="0" />
	<bean id="jsonView"
		class="org.springframework.web.servlet.view.json.MappingJackson2JsonView" />
</beans>