<?xml version="1.0" encoding="UTF-8" ?>
<!DOCTYPE log4j:configuration SYSTEM "log4j.dtd">
<log4j:configuration debug="true"
	xmlns:log4j='http://jakarta.apache.org/log4j/'>

	<appender name="console" class="org.apache.log4j.ConsoleAppender">
		<layout class="org.apache.log4j.PatternLayout">
			<param name="ConversionPattern" value="%d{yyyy-MM-dd HH:mm:ss} %-5p %c{1}:%L - %m%n" />
		</layout>
	</appender>

	<appender name="filelog" class="org.apache.log4j.DailyRollingFileAppender">
		<param name="file"
			value="C:/Users/kitri/Desktop/spring/cameo/WebContent/LogFile/user.log" />
		<param name="Append" value="true" />
		<param name="DatePattern" value="'.'yyy-MM-dd" />
		<layout class="org.apache.log4j.PatternLayout">
			<param name="ConversionPattern" value="%d{yyyy-MM-dd HH:mm:ss} %-5p %c{1}:%L - %m%n" />
			<param name="MaxFileSize" value="2GB" />
			<param name="MaxBackupIndex" value="200" />
		</layout>
	</appender>

	<root>
		<level value="warn" />
		<appender-ref ref="console" />
	</root>
</log4j:configuration>